HelloIDPrimaryLookupKey;HelloIDSecondaryLookupKey;NedapRegistrationProfile
MEDASS;432;Begeleider
MEDMAR;123M;DBC - Cognitief trainer
MANA;56;DBC - Ergotherapie
MANA;;DBC - Geestelijke verzorging
MEDTES;DESGTEAM;DBC - Geestelijke verzorging
MEDTES;;DBC - Geestelijke verzorging
MEDSBI;;Begeleider
MEDSBU;;DBC - Geestelijke verzorging
DIREC;;DBC - Geestelijke verzorging
MEDLERA;;DBC - Geestelijke verzorging
MEDCONSY;;DBC - Geestelijke verzorging
MEDINK;;DBC - Geestelijke verzorging
MEDHELPSY;;DBC - Geestelijke verzorging
MEDONT;754;Begeleider
MEDONT;;DBC - Geestelijke verzorging
MEDPRO;;Begeleider
MEDAPP;;Begeleider
